[
    {
        "movesets": [
            {
                "ability": "Snow Warning",
                "evs": "",
                "item": "",
                "moves": "",
                "name": "",
                "nature": ""
            }
        ],
        "name": "Abomasnow-Mega",
        "stats": {
            "hp": 90,
            "patk": 132,
            "pdef": 105,
            "spatk": 132,
            "spdef": 105,
            "spe": 30
        },
        "typing": [
            "Grass",
            "Ice"
        ]
    },
    {
        "movesets": [
            {
                "ability": "Magic Bounce",
                "evs": "",
                "item": "",
                "moves": "",
                "name": "",
                "nature": ""
            }
        ],
        "name": "Absol-Mega",
        "stats": {
            "hp": 65,
            "patk": 150,
            "pdef": 60,
            "spatk": 115,
            "spdef": 60,
            "spe": 115
        },
        "typing": [
            "Dark"
        ]
    },
    {
        "movesets": [
            {
                "ability": "Tough Claws",
                "evs": "",
                "item": "",
                "moves": "",
                "name": "",
                "nature": ""
            }
        ],
        "name": "Aerodactyl-Mega",
        "stats": {
            "hp": 80,
            "patk": 135,
            "pdef": 85,
            "spatk": 70,
            "spdef": 95,
            "spe": 150
        },
        "typing": [
            "Flying",
            "Rock"
        ]
    },
    {
        "movesets": [
            {
                "ability": "Filter",
                "evs": "",
                "item": "",
                "moves": "",
                "name": "",
                "nature": ""
            }
        ],
        "name": "Aggron-Mega",
        "stats": {
            "hp": 70,
            "patk": 140,
            "pdef": 230,
            "spatk": 60,
            "spdef": 80,
            "spe": 50
        },
        "typing": [
            "Steel"
        ]
    },
    {
        "movesets": [
            {
                "ability": "Trace",
                "evs": "",
                "item": "",
                "moves": "",
                "name": "",
                "nature": ""
            }
        ],
        "name": "Alakazam-Mega",
        "stats": {
            "hp": 55,
            "patk": 50,
            "pdef": 65,
            "spatk": 175,
            "spdef": 95,
            "spe": 150
        },
        "typing": [
            "Psychic"
        ]
    },
    {
        "movesets": [
            {
                "ability": "Pixilate",
                "evs": "",
                "item": "",
                "moves": "",
                "name": "",
                "nature": ""
            }
        ],
        "name": "Altaria-Mega",
        "stats": {
            "hp": 75,
            "patk": 110,
            "pdef": 110,
            "spatk": 110,
            "spdef": 105,
            "spe": 80
        },
        "typing": [
            "Dragon",
            "Fairy"
        ]
    },
    {
        "movesets": [
            {
                "ability": "Mold Breaker",
                "evs": "",
                "item": "",
                "moves": "",
                "name": "",
                "nature": ""
            }
        ],
        "name": "Ampharos-Mega",
        "stats": {
            "hp": 90,
            "patk": 95,
            "pdef": 105,
            "spatk": 165,
            "spdef": 110,
            "spe": 45
        },
        "typing": [
            "Dragon",
            "Electric"
        ]
    },
    {
        "movesets": [
            {
                "ability": "Healer",
                "evs": "",
                "item": "",
                "moves": "",
                "name": "",
                "nature": ""
            }
        ],
        "name": "Audino-Mega",
        "stats": {
            "hp": 103,
            "patk": 60,
            "pdef": 126,
            "spatk": 80,
            "spdef": 126,
            "spe": 50
        },
        "typing": [
            "Fairy",
            "Normal"
        ]
    },
    {
        "movesets": [
            {
                "ability": "Prankster",
                "evs": "",
                "item": "",
                "moves": "",
                "name": "",
                "nature": ""
            }
        ],
        "name": "Banette-Mega",
        "stats": {
            "hp": 64,
            "patk": 165,
            "pdef": 75,
            "spatk": 93,
            "spdef": 83,
            "spe": 75
        },
        "typing": [
            "Ghost"
        ]
    },
    {
        "movesets": [
            {
                "ability": "Adaptability",
                "evs": "",
                "item": "",
                "moves": "",
                "name": "",
                "nature": ""
            }
        ],
        "name": "Beedrill-Mega",
        "stats": {
            "hp": 65,
            "patk": 150,
            "pdef": 40,
            "spatk": 15,
            "spdef": 80,
            "spe": 145
        },
        "typing": [
            "Bug",
            "Poison"
        ]
    },
    {
        "movesets": [
            {
                "ability": "Mega Launcher",
                "evs": "",
                "item": "",
                "moves": "",
                "name": "",
                "nature": ""
            }
        ],
        "name": "Blastoise-Mega",
        "stats": {
            "hp": 79,
            "patk": 103,
            "pdef": 120,
            "spatk": 135,
            "spdef": 115,
            "spe": 78
        },
        "typing": [
            "Water"
        ]
    },
    {
        "movesets": [
            {
                "ability": "Speed Boost",
                "evs": "",
                "item": "",
                "moves": "",
                "name": "",
                "nature": ""
            }
        ],
        "name": "Blaziken-Mega",
        "stats": {
            "hp": 80,
            "patk": 160,
            "pdef": 80,
            "spatk": 130,
            "spdef": 80,
            "spe": 100
        },
        "typing": [
            "Fighting",
            "Fire"
        ]
    },
    {
        "movesets": [
            {
                "ability": "Sheer Force",
                "evs": "",
                "item": "",
                "moves": "",
                "name": "",
                "nature": ""
            }
        ],
        "name": "Camerupt-Mega",
        "stats": {
            "hp": 70,
            "patk": 120,
            "pdef": 100,
            "spatk": 145,
            "spdef": 105,
            "spe": 20
        },
        "typing": [
            "Fire",
            "Ground"
        ]
    },
    {
        "movesets": [
            {
                "ability": "Tough Claws",
                "evs": "",
                "item": "",
                "moves": "",
                "name": "",
                "nature": ""
            }
        ],
        "name": "Charizard-Mega-X",
        "stats": {
            "hp": 78,
            "patk": 130,
            "pdef": 111,
            "spatk": 130,
            "spdef": 85,
            "spe": 100
        },
        "typing": [
            "Dragon",
            "Fire"
        ]
    },
    {
        "movesets": [
            {
                "ability": "Drought",
                "evs": "",
                "item": "",
                "moves": "",
                "name": "",
                "nature": ""
            }
        ],
        "name": "Charizard-Mega-Y",
        "stats": {
            "hp": 78,
            "patk": 104,
            "pdef": 78,
            "spatk": 159,
            "spdef": 115,
            "spe": 100
        },
        "typing": [
            "Fire",
            "Flying"
        ]
    },
    {
        "movesets": [
            {
                "ability": "Magic Bounce",
                "evs": "",
                "item": "",
                "moves": "",
                "name": "",
                "nature": ""
            }
        ],
        "name": "Diancie-Mega",
        "stats": {
            "hp": 50,
            "patk": 160,
            "pdef": 110,
            "spatk": 160,
            "spdef": 110,
            "spe": 110
        },
        "typing": [
            "Fairy",
            "Rock"
        ]
    },
    {
        "movesets": [
            {
                "ability": "Inner Focus",
                "evs": "",
                "item": "",
                "moves": "",
                "name": "",
                "nature": ""
            }
        ],
        "name": "Gallade-Mega",
        "stats": {
            "hp": 68,
            "patk": 165,
            "pdef": 95,
            "spatk": 65,
            "spdef": 115,
            "spe": 110
        },
        "typing": [
            "Fighting",
            "Psychic"
        ]
    },
    {
        "movesets": [
            {
                "ability": "Sand Force",
                "evs": "",
                "item": "",
                "moves": "",
                "name": "",
                "nature": ""
            }
        ],
        "name": "Garchomp-Mega",
        "stats": {
            "hp": 108,
            "patk": 170,
            "pdef": 115,
            "spatk": 120,
            "spdef": 95,
            "spe": 92
        },
        "typing": [
            "Dragon",
            "Ground"
        ]
    },
    {
        "movesets": [
            {
                "ability": "Pixilate",
                "evs": "",
                "item": "",
                "moves": "",
                "name": "",
                "nature": ""
            }
        ],
        "name": "Gardevoir-Mega",
        "stats": {
            "hp": 68,
            "patk": 85,
            "pdef": 65,
            "spatk": 165,
            "spdef": 135,
            "spe": 100
        },
        "typing": [
            "Fairy",
            "Psychic"
        ]
    },
    {
        "movesets": [
            {
                "ability": "Shadow Tag",
                "evs": "",
                "item": "",
                "moves": "",
                "name": "",
                "nature": ""
            }
        ],
        "name": "Gengar-Mega",
        "stats": {
            "hp": 60,
            "patk": 65,
            "pdef": 80,
            "spatk": 170,
            "spdef": 95,
            "spe": 130
        },
        "typing": [
            "Ghost",
            "Poison"
        ]
    },
    {
        "movesets": [
            {
                "ability": "Refrigerate",
                "evs": "",
                "item": "",
                "moves": "",
                "name": "",
                "nature": ""
            }
        ],
        "name": "Glalie-Mega",
        "stats": {
            "hp": 80,
            "patk": 120,
            "pdef": 80,
            "spatk": 120,
            "spdef": 80,
            "spe": 100
        },
        "typing": [
            "Ice"
        ]
    },
    {
        "movesets": [
            {
                "ability": "Mold Breaker",
                "evs": "",
                "item": "",
                "moves": "",
                "name": "",
                "nature": ""
            }
        ],
        "name": "Gyarados-Mega",
        "stats": {
            "hp": 95,
            "patk": 155,
            "pdef": 109,
            "spatk": 70,
            "spdef": 130,
            "spe": 81
        },
        "typing": [
            "Dark",
            "Water"
        ]
    },
    {
        "movesets": [
            {
                "ability": "Skill Link",
                "evs": "",
                "item": "",
                "moves": "",
                "name": "",
                "nature": ""
            }
        ],
        "name": "Heracross-Mega",
        "stats": {
            "hp": 80,
            "patk": 185,
            "pdef": 115,
            "spatk": 40,
            "spdef": 105,
            "spe": 75
        },
        "typing": [
            "Bug",
            "Fighting"
        ]
    },
    {
        "movesets": [
            {
                "ability": "Solar Power",
                "evs": "",
                "item": "",
                "moves": "",
                "name": "",
                "nature": ""
            }
        ],
        "name": "Houndoom-Mega",
        "stats": {
            "hp": 75,
            "patk": 90,
            "pdef": 90,
            "spatk": 140,
            "spdef": 90,
            "spe": 115
        },
        "typing": [
            "Dark",
            "Fire"
        ]
    },
    {
        "movesets": [
            {
                "ability": "Parental Bond",
                "evs": "",
                "item": "",
                "moves": "",
                "name": "",
                "nature": ""
            }
        ],
        "name": "Kangaskhan-Mega",
        "stats": {
            "hp": 105,
            "patk": 125,
            "pdef": 100,
            "spatk": 60,
            "spdef": 100,
            "spe": 100
        },
        "typing": [
            "Normal"
        ]
    },
    {
        "movesets": [
            {
                "ability": "Levitate",
                "evs": "",
                "item": "",
                "moves": "",
                "name": "",
                "nature": ""
            }
        ],
        "name": "Latias-Mega",
        "stats": {
            "hp": 80,
            "patk": 100,
            "pdef": 120,
            "spatk": 140,
            "spdef": 150,
            "spe": 110
        },
        "typing": [
            "Dragon",
            "Psychic"
        ]
    },
    {
        "movesets": [
            {
                "ability": "Levitate",
                "evs": "",
                "item": "",
                "moves": "",
                "name": "",
                "nature": ""
            }
        ],
        "name": "Latios-Mega",
        "stats": {
            "hp": 80,
            "patk": 130,
            "pdef": 100,
            "spatk": 160,
            "spdef": 120,
            "spe": 110
        },
        "typing": [
            "Dragon",
            "Psychic"
        ]
    },
    {
        "movesets": [
            {
                "ability": "Scrappy",
                "evs": "",
                "item": "",
                "moves": "",
                "name": "",
                "nature": ""
            }
        ],
        "name": "Lopunny-Mega",
        "stats": {
            "hp": 65,
            "patk": 136,
            "pdef": 94,
            "spatk": 54,
            "spdef": 96,
            "spe": 135
        },
        "typing": [
            "Fighting",
            "Normal"
        ]
    },
    {
        "movesets": [
            {
                "ability": "Adaptability",
                "evs": "",
                "item": "",
                "moves": "",
                "name": "",
                "nature": ""
            }
        ],
        "name": "Lucario-Mega",
        "stats": {
            "hp": 70,
            "patk": 145,
            "pdef": 88,
            "spatk": 140,
            "spdef": 70,
            "spe": 112
        },
        "typing": [
            "Fighting",
            "Steel"
        ]
    },
    {
        "movesets": [
            {
                "ability": "Intimidate",
                "evs": "",
                "item": "",
                "moves": "",
                "name": "",
                "nature": ""
            }
        ],
        "name": "Manectric-Mega",
        "stats": {
            "hp": 70,
            "patk": 75,
            "pdef": 80,
            "spatk": 135,
            "spdef": 80,
            "spe": 135
        },
        "typing": [
            "Electric"
        ]
    },
    {
        "movesets": [
            {
                "ability": "Huge Power",
                "evs": "",
                "item": "",
                "moves": "",
                "name": "",
                "nature": ""
            }
        ],
        "name": "Mawile-Mega",
        "stats": {
            "hp": 50,
            "patk": 105,
            "pdef": 125,
            "spatk": 55,
            "spdef": 95,
            "spe": 50
        },
        "typing": [
            "Fairy",
            "Steel"
        ]
    },
    {
        "movesets": [
            {
                "ability": "Pure Power",
                "evs": "",
                "item": "",
                "moves": "",
                "name": "",
                "nature": ""
            }
        ],
        "name": "Medicham-Mega",
        "stats": {
            "hp": 60,
            "patk": 100,
            "pdef": 85,
            "spatk": 80,
            "spdef": 85,
            "spe": 100
        },
        "typing": [
            "Fighting",
            "Psychic"
        ]
    },
    {
        "movesets": [
            {
                "ability": "Overgrow",
                "evs": "",
                "item": "",
                "moves": "",
                "name": "",
                "nature": ""
            }
        ],
        "name": "Meganium",
        "stats": {
            "hp": 80,
            "patk": 82,
            "pdef": 100,
            "spatk": 83,
            "spdef": 100,
            "spe": 80
        },
        "typing": [
            "Grass"
        ]
    },
    {
        "movesets": [
            {
                "ability": "Tough Claws",
                "evs": "",
                "item": "",
                "moves": "",
                "name": "",
                "nature": ""
            }
        ],
        "name": "Metagross-Mega",
        "stats": {
            "hp": 80,
            "patk": 145,
            "pdef": 150,
            "spatk": 105,
            "spdef": 110,
            "spe": 110
        },
        "typing": [
            "Psychic",
            "Steel"
        ]
    },
    {
        "movesets": [
            {
                "ability": "Steadfast",
                "evs": "",
                "item": "",
                "moves": "",
                "name": "",
                "nature": ""
            }
        ],
        "name": "Mewtwo-Mega-X",
        "stats": {
            "hp": 106,
            "patk": 190,
            "pdef": 100,
            "spatk": 154,
            "spdef": 100,
            "spe": 130
        },
        "typing": [
            "Fighting",
            "Psychic"
        ]
    },
    {
        "movesets": [
            {
                "ability": "Insomnia",
                "evs": "",
                "item": "",
                "moves": "",
                "name": "",
                "nature": ""
            }
        ],
        "name": "Mewtwo-Mega-Y",
        "stats": {
            "hp": 106,
            "patk": 150,
            "pdef": 70,
            "spatk": 194,
            "spdef": 120,
            "spe": 140
        },
        "typing": [
            "Psychic"
        ]
    },
    {
        "movesets": [
            {
                "ability": "No Guard",
                "evs": "",
                "item": "",
                "moves": "",
                "name": "",
                "nature": ""
            }
        ],
        "name": "Pidgeot-Mega",
        "stats": {
            "hp": 83,
            "patk": 80,
            "pdef": 80,
            "spatk": 135,
            "spdef": 80,
            "spe": 121
        },
        "typing": [
            "Flying",
            "Normal"
        ]
    },
    {
        "movesets": [
            {
                "ability": "Aerilate",
                "evs": "",
                "item": "",
                "moves": "",
                "name": "",
                "nature": ""
            }
        ],
        "name": "Pinsir-Mega",
        "stats": {
            "hp": 65,
            "patk": 155,
            "pdef": 120,
            "spatk": 65,
            "spdef": 90,
            "spe": 105
        },
        "typing": [
            "Bug",
            "Flying"
        ]
    },
    {
        "movesets": [
            {
                "ability": "Delta Stream",
                "evs": "",
                "item": "",
                "moves": "",
                "name": "",
                "nature": ""
            }
        ],
        "name": "Rayquaza-Mega",
        "stats": {
            "hp": 105,
            "patk": 180,
            "pdef": 100,
            "spatk": 180,
            "spdef": 100,
            "spe": 115
        },
        "typing": [
            "Dragon",
            "Flying"
        ]
    },
    {
        "movesets": [
            {
                "ability": "Magic Bounce",
                "evs": "",
                "item": "",
                "moves": "",
                "name": "",
                "nature": ""
            }
        ],
        "name": "Sableye-Mega",
        "stats": {
            "hp": 50,
            "patk": 85,
            "pdef": 125,
            "spatk": 85,
            "spdef": 115,
            "spe": 20
        },
        "typing": [
            "Dark",
            "Ghost"
        ]
    },
    {
        "movesets": [
            {
                "ability": "Aerilate",
                "evs": "",
                "item": "",
                "moves": "",
                "name": "",
                "nature": ""
            }
        ],
        "name": "Salamence-Mega",
        "stats": {
            "hp": 95,
            "patk": 145,
            "pdef": 130,
            "spatk": 120,
            "spdef": 90,
            "spe": 120
        },
        "typing": [
            "Dragon",
            "Flying"
        ]
    },
    {
        "movesets": [
            {
                "ability": "Lightningrod",
                "evs": "",
                "item": "",
                "moves": "",
                "name": "",
                "nature": ""
            }
        ],
        "name": "Sceptile-Mega",
        "stats": {
            "hp": 70,
            "patk": 110,
            "pdef": 75,
            "spatk": 145,
            "spdef": 85,
            "spe": 145
        },
        "typing": [
            "Dragon",
            "Grass"
        ]
    },
    {
        "movesets": [
            {
                "ability": "Technician",
                "evs": "",
                "item": "",
                "moves": "",
                "name": "",
                "nature": ""
            }
        ],
        "name": "Scizor-Mega",
        "stats": {
            "hp": 70,
            "patk": 150,
            "pdef": 140,
            "spatk": 65,
            "spdef": 100,
            "spe": 75
        },
        "typing": [
            "Bug",
            "Steel"
        ]
    },
    {
        "movesets": [
            {
                "ability": "Strong Jaw",
                "evs": "",
                "item": "",
                "moves": "",
                "name": "",
                "nature": ""
            }
        ],
        "name": "Sharpedo-Mega",
        "stats": {
            "hp": 70,
            "patk": 140,
            "pdef": 70,
            "spatk": 110,
            "spdef": 65,
            "spe": 105
        },
        "typing": [
            "Dark",
            "Water"
        ]
    },
    {
        "movesets": [
            {
                "ability": "Shell Armor",
                "evs": "",
                "item": "",
                "moves": "",
                "name": "",
                "nature": ""
            }
        ],
        "name": "Slowbro-Mega",
        "stats": {
            "hp": 95,
            "patk": 75,
            "pdef": 180,
            "spatk": 130,
            "spdef": 80,
            "spe": 30
        },
        "typing": [
            "Psychic",
            "Water"
        ]
    },
    {
        "movesets": [
            {
                "ability": "Sand Force",
                "evs": "",
                "item": "",
                "moves": "",
                "name": "",
                "nature": ""
            }
        ],
        "name": "Steelix-Mega",
        "stats": {
            "hp": 75,
            "patk": 125,
            "pdef": 230,
            "spatk": 55,
            "spdef": 95,
            "spe": 30
        },
        "typing": [
            "Ground",
            "Steel"
        ]
    },
    {
        "movesets": [
            {
                "ability": "Swift Swim",
                "evs": "",
                "item": "",
                "moves": "",
                "name": "",
                "nature": ""
            }
        ],
        "name": "Swampert-Mega",
        "stats": {
            "hp": 100,
            "patk": 150,
            "pdef": 110,
            "spatk": 95,
            "spdef": 110,
            "spe": 70
        },
        "typing": [
            "Ground",
            "Water"
        ]
    },
    {
        "movesets": [
            {
                "ability": "Sand Stream",
                "evs": "",
                "item": "",
                "moves": "",
                "name": "",
                "nature": ""
            }
        ],
        "name": "Tyranitar-Mega",
        "stats": {
            "hp": 100,
            "patk": 164,
            "pdef": 150,
            "spatk": 95,
            "spdef": 120,
            "spe": 71
        },
        "typing": [
            "Dark",
            "Rock"
        ]
    },
    {
        "movesets": [
            {
                "ability": "Thick Fat",
                "evs": "",
                "item": "",
                "moves": "",
                "name": "",
                "nature": ""
            }
        ],
        "name": "Venusaur-Mega",
        "stats": {
            "hp": 80,
            "patk": 100,
            "pdef": 123,
            "spatk": 122,
            "spdef": 120,
            "spe": 80
        },
        "typing": [
            "Grass",
            "Poison"
        ]
    }
]
